Date,Amzn_Close,AMZN_Return
03/01/2005,44.52,0.52
04/01/2005,42.14,-5.35
05/01/2005,41.77,-0.88
06/01/2005,41.05,-1.72
07/01/2005,42.32,3.09
10/01/2005,41.84,-1.13
11/01/2005,41.64,-0.48
12/01/2005,42.3,1.59
13/01/2005,42.6,0.71
14/01/2005,44.55,4.58
18/01/2005,44.58,0.07
19/01/2005,43.96,-1.39
20/01/2005,42.36,-3.64
21/01/2005,41.16,-2.83
24/01/2005,40.38,-1.9
25/01/2005,40.94,1.39
26/01/2005,41.34,0.98
27/01/2005,42.31,2.35
28/01/2005,42.22,-0.21
31/01/2005,43.22,2.37
01/02/2005,42.48,-1.71
02/02/2005,41.88,-1.41
03/02/2005,35.75,-14.64
04/02/2005,35.72,-0.08
07/02/2005,35.69,-0.08
08/02/2005,36.3,1.71
09/02/2005,35.89,-1.13
10/02/2005,35.78,-0.31
11/02/2005,35.78,0
14/02/2005,36.03,0.7
15/02/2005,36.14,0.31
16/02/2005,35.66,-1.33
17/02/2005,35.69,0.08
18/02/2005,35.31,-1.06
22/02/2005,34.72,-1.67
23/02/2005,34.14,-1.67
24/02/2005,34.69,1.61
25/02/2005,34.99,0.86
28/02/2005,35.18,0.54
01/03/2005,35.39,0.6
02/03/2005,35.5,0.31
03/03/2005,35.65,0.42
04/03/2005,35.85,0.56
07/03/2005,36.32,1.31
08/03/2005,35.83,-1.35
09/03/2005,35.4,-1.2
10/03/2005,34.91,-1.38
11/03/2005,34.75,-0.46
14/03/2005,34.6,-0.43
15/03/2005,34.18,-1.21
16/03/2005,33.87,-0.91
17/03/2005,33.97,0.3
18/03/2005,34.16,0.56
21/03/2005,33.67,-1.43
22/03/2005,33.15,-1.54
23/03/2005,33.18,0.09
24/03/2005,32.88,-0.9
28/03/2005,33.39,1.55
29/03/2005,33.43,0.12
30/03/2005,34.32,2.66
31/03/2005,34.27,-0.15
01/04/2005,34.01,-0.76
04/04/2005,35,2.91
05/04/2005,35.28,0.8
06/04/2005,34.82,-1.3
07/04/2005,34.9,0.23
08/04/2005,34.6,-0.86
11/04/2005,34.6,0
12/04/2005,34.63,0.09
13/04/2005,34.3,-0.95
14/04/2005,33.97,-0.96
15/04/2005,33.02,-2.8
18/04/2005,33,-0.06
19/04/2005,32.78,-0.67
20/04/2005,33.25,1.43
21/04/2005,33.73,1.44
22/04/2005,33.04,-2.05
25/04/2005,33.53,1.48
26/04/2005,32.71,-2.45
27/04/2005,31.72,-3.03
28/04/2005,32.52,2.52
29/04/2005,32.36,-0.49
02/05/2005,33.1,2.29
03/05/2005,33.21,0.33
04/05/2005,33.96,2.26
05/05/2005,33.96,0
06/05/2005,34.52,1.65
09/05/2005,34.64,0.35
10/05/2005,34.23,-1.18
11/05/2005,33.82,-1.2
12/05/2005,33.85,0.09
13/05/2005,33.9,0.15
16/05/2005,34.54,1.89
17/05/2005,34.73,0.55
18/05/2005,35.33,1.73
19/05/2005,35.59,0.74
20/05/2005,35.5,-0.25
23/05/2005,35.68,0.51
24/05/2005,35.54,-0.39
25/05/2005,35.25,-0.82
26/05/2005,35.45,0.57
27/05/2005,35.5,0.14
31/05/2005,35.51,0.03
01/06/2005,36.5,2.79
02/06/2005,36.41,-0.25
03/06/2005,35.59,-2.25
06/06/2005,35.77,0.51
07/06/2005,35.35,-1.17
08/06/2005,34.83,-1.47
09/06/2005,35.2,1.06
10/06/2005,34.95,-0.71
13/06/2005,34.87,-0.23
14/06/2005,35.04,0.49
15/06/2005,35.24,0.57
16/06/2005,35.58,0.96
17/06/2005,35.31,-0.76
20/06/2005,35.69,1.08
21/06/2005,35.38,-0.87
22/06/2005,35.22,-0.45
23/06/2005,35.43,0.6
24/06/2005,35.02,-1.16
27/06/2005,34.5,-1.48
28/06/2005,33.71,-2.29
29/06/2005,33.35,-1.07
30/06/2005,33.09,-0.78
01/07/2005,32.91,-0.54
05/07/2005,34.08,3.56
06/07/2005,34.06,-0.06
07/07/2005,33.96,-0.29
08/07/2005,34.74,2.3
11/07/2005,35.59,2.45
12/07/2005,36.31,2.02
13/07/2005,36.51,0.55
14/07/2005,37.19,1.86
15/07/2005,37.15,-0.11
18/07/2005,37.19,0.11
19/07/2005,38.17,2.64
20/07/2005,38.17,0
21/07/2005,37.95,-0.58
22/07/2005,37.95,0
25/07/2005,37.95,0
26/07/2005,37.74,-0.55
27/07/2005,43.65,15.66
28/07/2005,45.68,4.65
29/07/2005,45.15,-1.16
01/08/2005,44.93,-0.49
02/08/2005,46.51,3.52
03/08/2005,46.11,-0.86
04/08/2005,45.46,-1.41
05/08/2005,45.27,-0.42
08/08/2005,45.66,0.86
09/08/2005,45.93,0.59
10/08/2005,44.76,-2.55
11/08/2005,45.21,1.01
12/08/2005,44.2,-2.23
15/08/2005,45.04,1.9
16/08/2005,44.27,-1.71
17/08/2005,44.12,-0.34
18/08/2005,43.73,-0.88
19/08/2005,43.72,-0.02
22/08/2005,43.77,0.11
23/08/2005,43.42,-0.8
24/08/2005,42.37,-2.42
25/08/2005,42.31,-0.14
26/08/2005,42.37,0.14
29/08/2005,42.79,0.99
30/08/2005,42.49,-0.7
31/08/2005,42.7,0.49
01/09/2005,41.84,-2.01
02/09/2005,41.51,-0.79
06/09/2005,43.62,5.08
07/09/2005,43.73,0.25
08/09/2005,42.96,-1.76
09/09/2005,42.95,-0.02
12/09/2005,44.5,3.61
13/09/2005,43.93,-1.28
14/09/2005,43.1,-1.89
15/09/2005,42.71,-0.9
16/09/2005,42.8,0.21
19/09/2005,42.75,-0.12
20/09/2005,41.87,-2.06
21/09/2005,41.25,-1.48
22/09/2005,42.08,2.01
23/09/2005,42.19,0.26
26/09/2005,43.34,2.73
27/09/2005,43.16,-0.42
28/09/2005,43.37,0.49
29/09/2005,44.79,3.27
30/09/2005,45.3,1.14
03/10/2005,46.01,1.57
04/10/2005,44.93,-2.35
05/10/2005,44.49,-0.98
06/10/2005,44.01,-1.08
07/10/2005,43.72,-0.66
10/10/2005,43.76,0.09
11/10/2005,43.4,-0.82
12/10/2005,42.55,-1.96
13/10/2005,42.62,0.16
14/10/2005,43.79,2.75
17/10/2005,45.02,2.81
18/10/2005,44.65,-0.82
19/10/2005,45.86,2.71
20/10/2005,45.01,-1.85
21/10/2005,45.95,2.09
24/10/2005,46.93,2.13
25/10/2005,46.17,-1.62
26/10/2005,39.75,-13.91
27/10/2005,39.06,-1.74
28/10/2005,38.95,-0.28
31/10/2005,39.86,2.34
01/11/2005,40.37,1.28
02/11/2005,40.75,0.94
03/11/2005,41.56,1.99
04/11/2005,41.09,-1.13
07/11/2005,41.39,0.73
08/11/2005,41.95,1.35
09/11/2005,41.4,-1.31
10/11/2005,42.18,1.88
11/11/2005,42.68,1.19
14/11/2005,42.53,-0.35
15/11/2005,44.45,4.51
16/11/2005,45.3,1.91
17/11/2005,46.74,3.18
18/11/2005,47.98,2.65
21/11/2005,47.99,0.02
22/11/2005,48.85,1.79
23/11/2005,48.24,-1.25
25/11/2005,48.06,-0.37
28/11/2005,48.35,0.6
29/11/2005,48.55,0.41
30/11/2005,48.46,-0.19
01/12/2005,49,1.11
02/12/2005,49.06,0.12
05/12/2005,48.83,-0.47
06/12/2005,49.26,0.88
07/12/2005,48.83,-0.87
08/12/2005,48.35,-0.98
09/12/2005,48.74,0.81
12/12/2005,49.07,0.68
13/12/2005,49.5,0.88
14/12/2005,49.41,-0.18
15/12/2005,49.48,0.14
16/12/2005,49.21,-0.55
19/12/2005,48.37,-1.71
20/12/2005,48.14,-0.48
21/12/2005,48.97,1.72
22/12/2005,49.22,0.51
23/12/2005,49.22,0
27/12/2005,48.56,-1.34
28/12/2005,48.06,-1.03
29/12/2005,47.99,-0.15
30/12/2005,47.15,-1.75
03/01/2006,47.58,0.91
04/01/2006,47.25,-0.69
05/01/2006,47.65,0.85
06/01/2006,47.87,0.46
09/01/2006,47.08,-1.65
10/01/2006,45.65,-3.04
11/01/2006,44.93,-1.58
12/01/2006,44.36,-1.27
13/01/2006,44.4,0.09
17/01/2006,44,-0.9
18/01/2006,44.32,0.73
19/01/2006,44.45,0.29
20/01/2006,43.92,-1.19
23/01/2006,43.73,-0.43
24/01/2006,44.02,0.66
25/01/2006,43.6,-0.95
26/01/2006,44.68,2.48
27/01/2006,45.22,1.21
30/01/2006,44.96,-0.57
31/01/2006,44.82,-0.31
01/02/2006,43.98,-1.87
02/02/2006,42.74,-2.82
03/02/2006,38.33,-10.32
06/02/2006,37.95,-0.99
07/02/2006,37.52,-1.13
08/02/2006,38.17,1.73
09/02/2006,37.99,-0.47
10/02/2006,38.52,1.4
13/02/2006,37.86,-1.71
14/02/2006,38.25,1.03
15/02/2006,39.26,2.64
16/02/2006,39.15,-0.28
17/02/2006,39.19,0.1
21/02/2006,38.29,-2.3
22/02/2006,38.72,1.12
23/02/2006,37.9,-2.12
24/02/2006,38.35,1.19
27/02/2006,38.01,-0.89
28/02/2006,37.44,-1.5
01/03/2006,37.12,-0.85
02/03/2006,36.88,-0.65
03/03/2006,37.21,0.89
06/03/2006,36.86,-0.94
07/03/2006,36.93,0.19
08/03/2006,36.81,-0.32
09/03/2006,36.12,-1.87
10/03/2006,36.22,0.28
13/03/2006,36.19,-0.08
14/03/2006,36.91,1.99
15/03/2006,36.89,-0.05
16/03/2006,36.77,-0.33
17/03/2006,35.99,-2.12
20/03/2006,36.23,0.67
21/03/2006,35.92,-0.86
22/03/2006,36,0.22
23/03/2006,35.68,-0.89
24/03/2006,35.47,-0.59
27/03/2006,35.25,-0.62
28/03/2006,35.69,1.25
29/03/2006,36.32,1.77
30/03/2006,36.67,0.96
31/03/2006,36.53,-0.38
03/04/2006,36.14,-1.07
04/04/2006,36.77,1.74
05/04/2006,37.34,1.55
06/04/2006,38.51,3.13
07/04/2006,37.09,-3.69
10/04/2006,36.61,-1.29
11/04/2006,36.06,-1.5
12/04/2006,36.13,0.19
13/04/2006,36.62,1.36
17/04/2006,35.27,-3.69
18/04/2006,36.28,2.86
19/04/2006,36.89,1.68
20/04/2006,36.34,-1.49
21/04/2006,36.03,-0.85
24/04/2006,35.79,-0.67
25/04/2006,35.55,-0.67
26/04/2006,35.79,0.68
27/04/2006,35.74,-0.14
28/04/2006,35.21,-1.48
01/05/2006,34.59,-1.76
02/05/2006,34.38,-0.61
03/05/2006,33.96,-1.22
04/05/2006,34.47,1.5
05/05/2006,35.04,1.65
08/05/2006,34.69,-1
09/05/2006,34.84,0.43
10/05/2006,34.16,-1.95
11/05/2006,33.53,-1.84
12/05/2006,32.73,-2.39
15/05/2006,32.78,0.15
16/05/2006,32.76,-0.06
17/05/2006,31.61,-3.51
18/05/2006,32.61,3.16
19/05/2006,33.94,4.08
22/05/2006,34.83,2.62
23/05/2006,33.76,-3.07
24/05/2006,35.19,4.24
25/05/2006,35.63,1.25
26/05/2006,36.07,1.23
30/05/2006,34.64,-3.96
31/05/2006,34.61,-0.09
01/06/2006,35.07,1.33
02/06/2006,34.76,-0.88
05/06/2006,33.49,-3.65
06/06/2006,33.41,-0.24
07/06/2006,33.77,1.08
08/06/2006,33.55,-0.65
09/06/2006,33.78,0.69
12/06/2006,33.6,-0.53
13/06/2006,33.47,-0.39
14/06/2006,33.68,0.63
15/06/2006,34.96,3.8
16/06/2006,35.09,0.37
19/06/2006,35.07,-0.06
20/06/2006,35.48,1.17
21/06/2006,36.65,3.3
22/06/2006,36.37,-0.76
23/06/2006,36.55,0.49
26/06/2006,36.77,0.6
27/06/2006,36.48,-0.79
28/06/2006,36.7,0.6
29/06/2006,38.52,4.96
30/06/2006,38.68,0.42
03/07/2006,38.61,-0.18
05/07/2006,37.11,-3.89
06/07/2006,36.8,-0.84
07/07/2006,36.11,-1.87
10/07/2006,35.79,-0.89
11/07/2006,35.66,-0.36
12/07/2006,34.63,-2.89
13/07/2006,33.73,-2.6
14/07/2006,32.92,-2.4
17/07/2006,33.67,2.28
18/07/2006,33.49,-0.53
19/07/2006,34.48,2.96
20/07/2006,34.18,-0.87
21/07/2006,33.19,-2.9
24/07/2006,34.31,3.37
25/07/2006,33.59,-2.1
26/07/2006,26.26,-21.82
27/07/2006,26.56,1.14
28/07/2006,27.17,2.3
31/07/2006,26.89,-1.03
01/08/2006,26.32,-2.12
02/08/2006,26.09,-0.87
03/08/2006,26.69,2.3
04/08/2006,27.29,2.25
07/08/2006,26.78,-1.87
08/08/2006,26.36,-1.57
09/08/2006,26.21,-0.57
10/08/2006,26.49,1.07
11/08/2006,26.07,-1.59
14/08/2006,26.53,1.76
15/08/2006,27.77,4.67
16/08/2006,27.95,0.65
17/08/2006,29.09,4.08
18/08/2006,29.12,0.1
21/08/2006,28.13,-3.4
22/08/2006,28.37,0.85
23/08/2006,28.14,-0.81
24/08/2006,27.97,-0.6
25/08/2006,28.03,0.21
28/08/2006,28.91,3.14
29/08/2006,29.52,2.11
30/08/2006,30.67,3.9
31/08/2006,30.83,0.52
01/09/2006,31.76,3.02
05/09/2006,32.23,1.48
06/09/2006,30.8,-4.44
07/09/2006,29.73,-3.47
08/09/2006,30.51,2.62
11/09/2006,30.79,0.92
12/09/2006,31.72,3.02
13/09/2006,31.67,-0.16
14/09/2006,31.65,-0.06
15/09/2006,32.52,2.75
18/09/2006,32.08,-1.35
19/09/2006,31.58,-1.56
20/09/2006,32.12,1.71
21/09/2006,30.22,-5.92
22/09/2006,30.84,2.05
25/09/2006,31.79,3.08
26/09/2006,32.5,2.23
27/09/2006,32.33,-0.52
28/09/2006,31.84,-1.52
29/09/2006,32.12,0.88
02/10/2006,30.87,-3.89
03/10/2006,31.7,2.69
04/10/2006,32.76,3.34
05/10/2006,33.32,1.71
06/10/2006,32.59,-2.19
09/10/2006,33.38,2.42
10/10/2006,32.62,-2.28
11/10/2006,32.91,0.89
12/10/2006,33.55,1.94
13/10/2006,33.32,-0.69
16/10/2006,32.6,-2.16
17/10/2006,32.47,-0.4
18/10/2006,32.31,-0.49
19/10/2006,32.54,0.71
20/10/2006,32.57,0.09
23/10/2006,32.88,0.95
24/10/2006,33.63,2.28
25/10/2006,37.68,12.04
26/10/2006,38.3,1.65
27/10/2006,38.24,-0.16
30/10/2006,38.15,-0.24
31/10/2006,38.09,-0.16
01/11/2006,37.56,-1.39
02/11/2006,37.45,-0.29
03/11/2006,37.46,0.03
06/11/2006,38.21,2
07/11/2006,38.77,1.47
08/11/2006,39.47,1.81
09/11/2006,38.84,-1.6
10/11/2006,39.26,1.08
13/11/2006,39.99,1.86
14/11/2006,41.51,3.8
15/11/2006,42.6,2.63
16/11/2006,42.84,0.56
17/11/2006,42.55,-0.68
20/11/2006,42.44,-0.26
21/11/2006,42.54,0.24
22/11/2006,42.96,0.99
24/11/2006,42.41,-1.28
27/11/2006,40.85,-3.68
28/11/2006,40.92,0.17
29/11/2006,40.63,-0.71
30/11/2006,40.34,-0.71
01/12/2006,39.41,-2.31
04/12/2006,39.1,-0.79
05/12/2006,38.98,-0.31
06/12/2006,38.9,-0.21
07/12/2006,38.12,-2.01
08/12/2006,38.46,0.89
11/12/2006,38.69,0.6
12/12/2006,38.46,-0.59
13/12/2006,38.5,0.1
14/12/2006,39.02,1.35
15/12/2006,40.01,2.54
18/12/2006,39.26,-1.87
19/12/2006,39.42,0.41
20/12/2006,40.01,1.5
21/12/2006,39.89,-0.3
22/12/2006,40.24,0.88
26/12/2006,39.8,-1.09
27/12/2006,40.29,1.23
28/12/2006,40.21,-0.2
29/12/2006,39.46,-1.87
03/01/2007,38.7,-1.93
04/01/2007,38.9,0.52
05/01/2007,38.37,-1.36
08/01/2007,37.5,-2.27
09/01/2007,37.78,0.75
10/01/2007,37.15,-1.67
11/01/2007,37.4,0.67
12/01/2007,38.2,2.14
16/01/2007,38.66,1.2
17/01/2007,37.88,-2.02
18/01/2007,36.98,-2.38
19/01/2007,37.02,0.11
22/01/2007,36.95,-0.19
23/01/2007,36.43,-1.41
24/01/2007,37.26,2.28
25/01/2007,37.08,-0.48
26/01/2007,36.85,-0.62
29/01/2007,37.43,1.57
30/01/2007,37.05,-1.02
31/01/2007,37.67,1.67
01/02/2007,38.7,2.73
02/02/2007,37.39,-3.39
05/02/2007,37.16,-0.62
06/02/2007,38.27,2.99
07/02/2007,38.98,1.86
08/02/2007,39.1,0.31
09/02/2007,38.72,-0.97
12/02/2007,38.85,0.34
13/02/2007,39.31,1.18
14/02/2007,40.14,2.11
15/02/2007,40.06,-0.2
16/02/2007,40.33,0.67
20/02/2007,41.51,2.93
21/02/2007,41.26,-0.6
22/02/2007,41,-0.63
23/02/2007,40.78,-0.54
26/02/2007,40.88,0.25
27/02/2007,38.83,-5.01
28/02/2007,39.14,0.8
01/03/2007,38.85,-0.74
02/03/2007,37.69,-2.99
05/03/2007,37.05,-1.7
06/03/2007,38.58,4.13
07/03/2007,38.36,-0.57
08/03/2007,38.1,-0.68
09/03/2007,38.84,1.94
12/03/2007,38.81,-0.08
13/03/2007,37.82,-2.55
14/03/2007,38.08,0.69
15/03/2007,37.78,-0.79
16/03/2007,37.85,0.19
19/03/2007,38.45,1.59
20/03/2007,38.58,0.34
21/03/2007,39.8,3.16
22/03/2007,39.49,-0.78
23/03/2007,38.98,-1.29
26/03/2007,39.01,0.08
27/03/2007,39.37,0.92
28/03/2007,39.34,-0.08
29/03/2007,39.81,1.19
30/03/2007,39.79,-0.05
02/04/2007,40.42,1.58
03/04/2007,41.19,1.9
04/04/2007,41.53,0.83
05/04/2007,41.68,0.36
09/04/2007,41.66,-0.05
10/04/2007,41.86,0.48
11/04/2007,41.68,-0.43
12/04/2007,42.27,1.42
13/04/2007,42.41,0.33
16/04/2007,45.2,6.58
17/04/2007,45.07,-0.29
18/04/2007,44.99,-0.18
19/04/2007,44.64,-0.78
20/04/2007,44.95,0.69
23/04/2007,44.77,-0.4
24/04/2007,44.75,-0.04
25/04/2007,56.81,26.95
26/04/2007,62.78,10.51
27/04/2007,62.6,-0.29
30/04/2007,61.33,-2.03
01/05/2007,62.04,1.16
02/05/2007,61.18,-1.39
03/05/2007,62.19,1.65
04/05/2007,63.23,1.67
07/05/2007,60.82,-3.81
08/05/2007,61.83,1.66
09/05/2007,62.85,1.65
10/05/2007,60.92,-3.07
11/05/2007,61.56,1.05
14/05/2007,61.7,0.23
15/05/2007,60.58,-1.82
16/05/2007,63.22,4.36
17/05/2007,62.17,-1.66
18/05/2007,63.3,1.82
21/05/2007,68.3,7.9
22/05/2007,68.88,0.85
23/05/2007,69,0.17
24/05/2007,69.35,0.51
25/05/2007,68.55,-1.15
29/05/2007,69.63,1.58
30/05/2007,69.86,0.33
31/05/2007,69.14,-1.03
01/06/2007,68.58,-0.81
04/06/2007,70.42,2.68
05/06/2007,73.65,4.59
06/06/2007,72.29,-1.85
07/06/2007,72.04,-0.35
08/06/2007,73.24,1.67
11/06/2007,71.17,-2.83
12/06/2007,70.07,-1.55
13/06/2007,70.89,1.17
14/06/2007,71.94,1.48
15/06/2007,72.4,0.64
18/06/2007,71.83,-0.79
19/06/2007,69.81,-2.81
20/06/2007,69.1,-1.02
21/06/2007,69.67,0.82
22/06/2007,68.86,-1.16
25/06/2007,68.66,-0.29
26/06/2007,67.48,-1.72
27/06/2007,68.14,0.98
28/06/2007,68.89,1.1
29/06/2007,68.41,-0.7
02/07/2007,69.61,1.75
03/07/2007,69.45,-0.23
05/07/2007,68.73,-1.04
06/07/2007,68.97,0.35
09/07/2007,72.07,4.49
10/07/2007,70.28,-2.48
11/07/2007,70.73,0.64
12/07/2007,72.79,2.91
13/07/2007,75.1,3.17
16/07/2007,73.69,-1.88
17/07/2007,73.79,0.14
18/07/2007,73.32,-0.64
19/07/2007,73.35,0.04
20/07/2007,71.63,-2.34
23/07/2007,71.74,0.15
24/07/2007,69.25,-3.47
25/07/2007,86.18,24.45
26/07/2007,84.01,-2.52
27/07/2007,84.04,0.04
30/07/2007,82.7,-1.59
31/07/2007,78.54,-5.03
01/08/2007,77.31,-1.57
02/08/2007,79.71,3.1
03/08/2007,76.8,-3.65
06/08/2007,79,2.86
07/08/2007,79.14,0.18
08/08/2007,77.78,-1.72
09/08/2007,74.11,-4.72
10/08/2007,74.78,0.9
13/08/2007,74.87,0.12
14/08/2007,73.45,-1.9
15/08/2007,72.38,-1.46
16/08/2007,72.79,0.57
17/08/2007,75.02,3.06
20/08/2007,74.7,-0.43
21/08/2007,77.49,3.73
22/08/2007,78.5,1.3
23/08/2007,77.3,-1.53
24/08/2007,79.25,2.52
27/08/2007,78.65,-0.76
28/08/2007,76.22,-3.09
29/08/2007,79.05,3.71
30/08/2007,78.68,-0.47
31/08/2007,79.91,1.56
04/09/2007,82.7,3.49
05/09/2007,83.75,1.27
06/09/2007,86.21,2.94
07/09/2007,84.52,-1.96
10/09/2007,83.34,-1.4
11/09/2007,86.28,3.53
12/09/2007,87.3,1.18
13/09/2007,87.26,-0.05
14/09/2007,87.77,0.58
17/09/2007,86.91,-0.98
18/09/2007,88.75,2.12
19/09/2007,89,0.28
20/09/2007,89.65,0.73
21/09/2007,91.3,1.84
24/09/2007,92.59,1.41
25/09/2007,93.48,0.96
26/09/2007,93.43,-0.05
27/09/2007,93.38,-0.05
28/09/2007,93.15,-0.25
01/10/2007,93.41,0.28
02/10/2007,92.36,-1.12
03/10/2007,92.46,0.11
04/10/2007,92.26,-0.22
05/10/2007,93.43,1.27
08/10/2007,95.85,2.59
09/10/2007,95.32,-0.55
10/10/2007,94.66,-0.69
11/10/2007,89.34,-5.62
12/10/2007,92.37,3.39
15/10/2007,90.53,-1.99
16/10/2007,89.53,-1.1
17/10/2007,90.55,1.14
18/10/2007,89.85,-0.77
19/10/2007,89.76,-0.1
22/10/2007,91.29,1.7
23/10/2007,100.82,10.44
24/10/2007,88.73,-11.99
25/10/2007,88.21,-0.59
26/10/2007,90,2.03
29/10/2007,90.1,0.11
30/10/2007,88.24,-2.06
31/10/2007,89.15,1.03
01/11/2007,87.65,-1.68
02/11/2007,85.98,-1.91
05/11/2007,84.37,-1.87
06/11/2007,87.27,3.44
07/11/2007,87.04,-0.26
08/11/2007,83.58,-3.98
09/11/2007,78.89,-5.61
12/11/2007,77,-2.4
13/11/2007,79.86,3.71
14/11/2007,78.51,-1.69
15/11/2007,77.85,-0.84
16/11/2007,78.6,0.96
19/11/2007,79.18,0.74
20/11/2007,80.39,1.53
21/11/2007,79.76,-0.78
23/11/2007,81.43,2.09
26/11/2007,81.3,-0.16
27/11/2007,85.59,5.28
28/11/2007,90.3,5.5
29/11/2007,89.15,-1.27
30/11/2007,90.56,1.58
03/12/2007,90.91,0.39
04/12/2007,94.41,3.85
05/12/2007,93.19,-1.29
06/12/2007,94.21,1.09
07/12/2007,94.31,0.11
10/12/2007,93.02,-1.37
11/12/2007,90.75,-2.44
12/12/2007,91.28,0.58
13/12/2007,92.4,1.23
14/12/2007,89.08,-3.59
17/12/2007,85.09,-4.48
18/12/2007,86.89,2.12
19/12/2007,89.38,2.87
20/12/2007,90.58,1.34
21/12/2007,91.26,0.75
24/12/2007,91.01,-0.27
26/12/2007,92.85,2.02
27/12/2007,94.25,1.51
28/12/2007,94.45,0.21
31/12/2007,92.64,-1.92
02/01/2008,96.25,3.9
03/01/2008,95.21,-1.08
04/01/2008,88.79,-6.74
07/01/2008,88.82,0.03
08/01/2008,87.88,-1.06
09/01/2008,85.22,-3.03
10/01/2008,84.26,-1.13
11/01/2008,81.08,-3.77
14/01/2008,82.87,2.21
15/01/2008,80.24,-3.17
16/01/2008,80.35,0.14
17/01/2008,80.12,-0.29
18/01/2008,79.76,-0.45
22/01/2008,78.48,-1.6
23/01/2008,73.97,-5.75
24/01/2008,77.67,5
25/01/2008,77.6,-0.09
28/01/2008,75.82,-2.29
29/01/2008,73.95,-2.47
30/01/2008,74.21,0.35
31/01/2008,77.7,4.7
01/02/2008,74.63,-3.95
04/02/2008,73.95,-0.91
05/02/2008,72.09,-2.52
06/02/2008,68.49,-4.99
07/02/2008,70.91,3.53
08/02/2008,73.5,3.65
11/02/2008,75.19,2.3
12/02/2008,74.45,-0.98
13/02/2008,77.73,4.41
14/02/2008,75.8,-2.48
15/02/2008,72.96,-3.75
19/02/2008,72.08,-1.21
20/02/2008,73.64,2.16
21/02/2008,69.9,-5.08
22/02/2008,72.08,3.12
25/02/2008,73.27,1.65
26/02/2008,71.69,-2.16
27/02/2008,70.87,-1.14
28/02/2008,67.85,-4.26
29/02/2008,64.47,-4.98
03/03/2008,62.43,-3.16
04/03/2008,65.34,4.66
05/03/2008,64.99,-0.54
06/03/2008,62.74,-3.46
07/03/2008,64.09,2.15
10/03/2008,63.47,-0.97
11/03/2008,67.15,5.8
12/03/2008,66.51,-0.95
13/03/2008,68.32,2.72
14/03/2008,68.22,-0.15
17/03/2008,66.53,-2.48
18/03/2008,71.7,7.77
19/03/2008,70.17,-2.13
20/03/2008,73.19,4.3
24/03/2008,75.95,3.77
25/03/2008,75.17,-1.03
26/03/2008,73.8,-1.82
27/03/2008,70.8,-4.07
28/03/2008,69.76,-1.47
31/03/2008,71.3,2.21
01/04/2008,76.7,7.57
02/04/2008,77.37,0.87
03/04/2008,74.94,-3.14
04/04/2008,76.87,2.58
07/04/2008,76.9,0.04
08/04/2008,77.3,0.52
09/04/2008,74.39,-3.76
10/04/2008,74.83,0.59
11/04/2008,71.99,-3.8
14/04/2008,72.61,0.86
15/04/2008,72.5,-0.15
16/04/2008,74.59,2.88
17/04/2008,74.04,-0.74
18/04/2008,80.1,8.18
21/04/2008,80.18,0.1
22/04/2008,79.6,-0.72
23/04/2008,81,1.76
24/04/2008,77.69,-4.09
25/04/2008,80.86,4.08
28/04/2008,81.97,1.37
29/04/2008,80.74,-1.5
30/04/2008,78.63,-2.61
01/05/2008,79.36,0.93
02/05/2008,77.31,-2.58
05/05/2008,75.92,-1.8
06/05/2008,75.71,-0.28
07/05/2008,73.18,-3.34
08/05/2008,72.79,-0.53
09/05/2008,72.41,-0.52
12/05/2008,74.53,2.93
13/05/2008,74.56,0.04
14/05/2008,74.2,-0.48
15/05/2008,76.12,2.59
16/05/2008,76.46,0.45
19/05/2008,82.29,7.62
20/05/2008,80.72,-1.91
21/05/2008,78.3,-3
22/05/2008,79.26,1.23
23/05/2008,78.35,-1.15
27/05/2008,80.62,2.9
28/05/2008,80.08,-0.67
29/05/2008,80.35,0.34
30/05/2008,81.62,1.58
02/06/2008,80.23,-1.7
03/06/2008,80.11,-0.15
04/06/2008,81.5,1.74
05/06/2008,84.51,3.69
06/06/2008,80.63,-4.59
09/06/2008,79.43,-1.49
10/06/2008,79.62,0.24
11/06/2008,77.28,-2.94
12/06/2008,76.15,-1.46
13/06/2008,79.17,3.97
16/06/2008,81.7,3.2
17/06/2008,82.97,1.55
18/06/2008,82.52,-0.54
19/06/2008,84.26,2.11
20/06/2008,81.1,-3.75
23/06/2008,80.68,-0.52
24/06/2008,79.64,-1.29
25/06/2008,80.51,1.09
26/06/2008,76.3,-5.23
27/06/2008,74.66,-2.15
30/06/2008,73.33,-1.78
01/07/2008,73.62,0.4
02/07/2008,71.44,-2.96
03/07/2008,72,0.78
07/07/2008,72.49,0.68
08/07/2008,75.04,3.52
09/07/2008,70.61,-5.9
10/07/2008,70.63,0.03
11/07/2008,68.54,-2.96
14/07/2008,66.28,-3.3
15/07/2008,67.03,1.13
16/07/2008,71.84,7.18
17/07/2008,72.11,0.38
18/07/2008,69.12,-4.15
21/07/2008,68.48,-0.93
22/07/2008,67.97,-0.74
23/07/2008,70.54,3.78
24/07/2008,78.72,11.6
25/07/2008,78.31,-0.52
28/07/2008,75.98,-2.98
29/07/2008,78.21,2.93
30/07/2008,78.21,0
31/07/2008,76.34,-2.39
01/08/2008,75.75,-0.77
04/08/2008,75.71,-0.05
05/08/2008,79.11,4.49
06/08/2008,78.09,-1.29
07/08/2008,76.95,-1.46
08/08/2008,80.51,4.63
11/08/2008,88.09,9.41
12/08/2008,87.25,-0.95
13/08/2008,86.69,-0.64
14/08/2008,88.03,1.55
15/08/2008,86.4,-1.85
18/08/2008,83.11,-3.81
19/08/2008,81.29,-2.19
20/08/2008,82.13,1.03
21/08/2008,83.26,1.38
22/08/2008,85.26,2.4
25/08/2008,82.85,-2.83
26/08/2008,81.76,-1.32
27/08/2008,81.73,-0.04
28/08/2008,83.42,2.07
29/08/2008,80.81,-3.13
02/09/2008,81.41,0.74
03/09/2008,80.77,-0.79
04/09/2008,78.03,-3.39
05/09/2008,79.19,1.49
08/09/2008,81.16,2.49
09/09/2008,79.04,-2.61
10/09/2008,76.74,-2.91
11/09/2008,79.51,3.61
12/09/2008,78.3,-1.52
15/09/2008,77.34,-1.23
16/09/2008,78.73,1.8
17/09/2008,71.54,-9.13
18/09/2008,76.5,6.93
19/09/2008,81,5.88
22/09/2008,74.93,-7.49
23/09/2008,71.76,-4.23
24/09/2008,69.96,-2.51
25/09/2008,72.08,3.03
26/09/2008,70.7,-1.91
29/09/2008,63.35,-10.4
30/09/2008,72.76,14.85
01/10/2008,69.58,-4.37
02/10/2008,67.36,-3.19
03/10/2008,67,-0.53
06/10/2008,65.23,-2.64
07/10/2008,58.52,-10.29
08/10/2008,61.02,4.27
09/10/2008,56,-8.23
10/10/2008,56.25,0.45
13/10/2008,62.02,10.26
14/10/2008,55.86,-9.93
15/10/2008,48.72,-12.78
16/10/2008,50.29,3.22
17/10/2008,50.65,0.72
20/10/2008,52.97,4.58
21/10/2008,50.23,-5.17
22/10/2008,49.99,-0.48
23/10/2008,50.32,0.66
24/10/2008,48.96,-2.7
27/10/2008,49.58,1.27
28/10/2008,56.04,13.03
29/10/2008,56.89,1.52
30/10/2008,56.71,-0.32
31/10/2008,57.24,0.93
03/11/2008,55.77,-2.57
04/11/2008,58.45,4.81
05/11/2008,51.98,-11.07
06/11/2008,47.22,-9.16
07/11/2008,49.21,4.21
10/11/2008,48.46,-1.52
11/11/2008,46.3,-4.46
12/11/2008,41.56,-10.24
13/11/2008,44.93,8.11
14/11/2008,41.75,-7.08
17/11/2008,39.69,-4.93
18/11/2008,38.44,-3.15
19/11/2008,35.84,-6.76
20/11/2008,35.03,-2.26
21/11/2008,37.87,8.11
24/11/2008,42.5,12.23
25/11/2008,42.19,-0.73
26/11/2008,43.96,4.2
28/11/2008,42.7,-2.87
01/12/2008,40.47,-5.22
02/12/2008,41.19,1.78
03/12/2008,45.21,9.76
04/12/2008,47.32,4.67
05/12/2008,48.26,1.99
08/12/2008,51.41,6.53
09/12/2008,51.25,-0.31
10/12/2008,49.7,-3.02
11/12/2008,48.25,-2.92
12/12/2008,51.25,6.22
15/12/2008,48.85,-4.68
16/12/2008,52.63,7.74
17/12/2008,53.18,1.05
18/12/2008,52.08,-2.07
19/12/2008,51.56,-1
22/12/2008,49.84,-3.34
23/12/2008,51.08,2.49
24/12/2008,51.44,0.7
26/12/2008,51.78,0.66
29/12/2008,49.4,-4.6
30/12/2008,50.76,2.75
31/12/2008,51.28,1.02
02/01/2009,54.36,6.01
05/01/2009,54.06,-0.55
06/01/2009,57.36,6.1
07/01/2009,56.2,-2.02
08/01/2009,57.16,1.71
09/01/2009,55.51,-2.89
12/01/2009,51.92,-6.47
13/01/2009,51.45,-0.91
14/01/2009,48.49,-5.75
15/01/2009,51.44,6.08
16/01/2009,51.59,0.29
20/01/2009,48.44,-6.11
21/01/2009,50.54,4.34
22/01/2009,49.94,-1.19
23/01/2009,50.63,1.38
26/01/2009,49.63,-1.98
27/01/2009,48.44,-2.4
28/01/2009,50.36,3.96
29/01/2009,50,-0.71
30/01/2009,58.82,17.64
02/02/2009,61.15,3.96
03/02/2009,63.59,3.99
04/02/2009,61.06,-3.98
05/02/2009,63.18,3.47
06/02/2009,66.55,5.33
09/02/2009,66.71,0.24
10/02/2009,63.31,-5.1
11/02/2009,64.35,1.64
12/02/2009,63.96,-0.61
13/02/2009,63.26,-1.09
17/02/2009,61.67,-2.51
18/02/2009,62.35,1.1
19/02/2009,61.95,-0.64
20/02/2009,63.86,3.08
23/02/2009,61.71,-3.37
24/02/2009,65.6,6.3
25/02/2009,63.71,-2.88
26/02/2009,62.34,-2.15
27/02/2009,64.79,3.93
02/03/2009,61.99,-4.32
03/03/2009,61.7,-0.47
04/03/2009,64.81,5.04
05/03/2009,64.77,-0.06
06/03/2009,61.69,-4.76
09/03/2009,60.49,-1.95
10/03/2009,65.71,8.63
11/03/2009,68.54,4.31
12/03/2009,69.58,1.52
13/03/2009,68.63,-1.37
16/03/2009,66.98,-2.4
17/03/2009,71.35,6.52
18/03/2009,71.25,-0.14
19/03/2009,70.1,-1.61
20/03/2009,69.96,-0.2
23/03/2009,75.58,8.03
24/03/2009,72.81,-3.66
25/03/2009,72.4,-0.56
26/03/2009,73.69,1.78
27/03/2009,70.52,-4.3
30/03/2009,71.44,1.3
31/03/2009,73.44,2.8
01/04/2009,73.5,0.08
02/04/2009,76.34,3.86
03/04/2009,78.17,2.4
06/04/2009,77.99,-0.23
07/04/2009,75.51,-3.18
08/04/2009,76.98,1.95
09/04/2009,79.77,3.62
13/04/2009,78.94,-1.04
14/04/2009,77.22,-2.18
15/04/2009,74.71,-3.25
16/04/2009,77.25,3.4
17/04/2009,78.05,1.04
20/04/2009,77.57,-0.61
21/04/2009,78.74,1.51
22/04/2009,79.2,0.58
23/04/2009,80.61,1.78
24/04/2009,84.46,4.78
27/04/2009,83.12,-1.59
28/04/2009,82.4,-0.87
29/04/2009,79.79,-3.17
30/04/2009,80.52,0.91
01/05/2009,78.96,-1.94
04/05/2009,79.77,1.03
05/05/2009,81.9,2.67
06/05/2009,81.99,0.11
07/05/2009,79.28,-3.31
08/05/2009,77.95,-1.68
11/05/2009,78.61,0.85
12/05/2009,77.93,-0.87
13/05/2009,74.19,-4.8
14/05/2009,75.11,1.24
15/05/2009,73.6,-2.01
18/05/2009,75.95,3.19
19/05/2009,77.87,2.53
20/05/2009,77.97,0.13
21/05/2009,75.96,-2.58
22/05/2009,75.64,-0.42
26/05/2009,78.39,3.64
27/05/2009,77.1,-1.65
28/05/2009,77.65,0.71
29/05/2009,77.99,0.44
01/06/2009,83.05,6.49
02/06/2009,84.93,2.26
03/06/2009,85.68,0.88
04/06/2009,85.52,-0.19
05/06/2009,87.56,2.39
08/06/2009,86.36,-1.37
09/06/2009,87.08,0.83
10/06/2009,86.59,-0.56
11/06/2009,85.69,-1.04
12/06/2009,84.08,-1.88
15/06/2009,83.18,-1.07
16/06/2009,82.15,-1.24
17/06/2009,82.65,0.61
18/06/2009,81.6,-1.27
19/06/2009,82.96,1.67
22/06/2009,79.15,-4.59
23/06/2009,77.68,-1.86
24/06/2009,79.27,2.05
25/06/2009,82.2,3.7
26/06/2009,83.88,2.04
29/06/2009,83.03,-1.01
30/06/2009,83.66,0.76
01/07/2009,81.6,-2.46
02/07/2009,79.32,-2.79
06/07/2009,78.1,-1.54
07/07/2009,75.63,-3.16
08/07/2009,77.36,2.29
09/07/2009,78.1,0.96
10/07/2009,77.63,-0.6
13/07/2009,81.47,4.95
14/07/2009,81.95,0.59
15/07/2009,84.55,3.17
16/07/2009,86.11,1.85
17/07/2009,85.85,-0.3
20/07/2009,88.23,2.77
21/07/2009,89.01,0.88
22/07/2009,88.79,-0.25
23/07/2009,93.87,5.72
24/07/2009,86.49,-7.86
27/07/2009,84.24,-2.6
28/07/2009,84.98,0.88
29/07/2009,84.34,-0.75
30/07/2009,86.09,2.07
31/07/2009,85.76,-0.38
03/08/2009,87.44,1.96
04/08/2009,85.8,-1.88
05/08/2009,84.29,-1.76
06/08/2009,84.47,0.21
07/08/2009,85.32,1.01
10/08/2009,84.44,-1.03
11/08/2009,83.56,-1.04
12/08/2009,85.96,2.87
13/08/2009,84.6,-1.58
14/08/2009,83.58,-1.21
17/08/2009,81.06,-3.02
18/08/2009,82.12,1.31
19/08/2009,83,1.07
20/08/2009,84.09,1.31
21/08/2009,85,1.08
24/08/2009,84.5,-0.59
25/08/2009,84.19,-0.37
26/08/2009,84,-0.23
27/08/2009,84.31,0.37
28/08/2009,82.76,-1.84
31/08/2009,81.19,-1.9
01/09/2009,79.16,-2.5
02/09/2009,78.14,-1.29
03/09/2009,78.46,0.41
04/09/2009,78.87,0.52
08/09/2009,80.9,2.57
09/09/2009,82.24,1.66
10/09/2009,83.85,1.96
11/09/2009,84.54,0.82
14/09/2009,83.86,-0.8
15/09/2009,83.55,-0.37
16/09/2009,90.7,8.56
17/09/2009,90.44,-0.29
18/09/2009,90.28,-0.18
21/09/2009,90.56,0.31
22/09/2009,93.75,3.52
23/09/2009,92.38,-1.46
24/09/2009,92.11,-0.29
25/09/2009,90.52,-1.73
28/09/2009,92.21,1.87
29/09/2009,91.72,-0.53
30/09/2009,93.36,1.79
01/10/2009,91.04,-2.49
02/10/2009,89.85,-1.31
05/10/2009,88.67,-1.31
06/10/2009,90.91,2.53
07/10/2009,93.97,3.37
08/10/2009,95.22,1.33
09/10/2009,95.71,0.51
12/10/2009,93.6,-2.2
13/10/2009,94.83,1.31
14/10/2009,97.46,2.77
15/10/2009,96.01,-1.49
16/10/2009,95.32,-0.72
19/10/2009,94.68,-0.67
20/10/2009,94.98,0.32
21/10/2009,93.42,-1.64
22/10/2009,93.45,0.03
23/10/2009,118.49,26.8
26/10/2009,124.64,5.19
27/10/2009,122.07,-2.06
28/10/2009,121.64,-0.35
29/10/2009,122.58,0.77
30/10/2009,118.81,-3.08
02/11/2009,118.84,0.03
03/11/2009,118.37,-0.4
04/11/2009,117.1,-1.07
05/11/2009,120.61,3
06/11/2009,126.2,4.63
09/11/2009,126.67,0.37
10/11/2009,130.15,2.75
11/11/2009,129.91,-0.18
12/11/2009,130.53,0.48
13/11/2009,132.97,1.87
16/11/2009,131.59,-1.04
17/11/2009,131.25,-0.26
18/11/2009,131.29,0.03
19/11/2009,128.99,-1.75
20/11/2009,129.66,0.52
23/11/2009,133,2.58
24/11/2009,132.94,-0.05
25/11/2009,134.03,0.82
27/11/2009,131.74,-1.71
30/11/2009,135.91,3.17
01/12/2009,138.5,1.91
02/12/2009,142.25,2.71
03/12/2009,141.17,-0.76
04/12/2009,137.58,-2.54
07/12/2009,134.21,-2.45
08/12/2009,134.11,-0.07
09/12/2009,131.31,-2.09
10/12/2009,135.38,3.1
11/12/2009,134.15,-0.91
14/12/2009,131.38,-2.06
15/12/2009,130.23,-0.88
16/12/2009,128.36,-1.44
17/12/2009,126.91,-1.13
18/12/2009,128.48,1.24
21/12/2009,132.79,3.35
22/12/2009,133.75,0.72
23/12/2009,138.94,3.88
24/12/2009,138.47,-0.34
28/12/2009,139.31,0.61
29/12/2009,139.41,0.07
30/12/2009,136.49,-2.09
31/12/2009,134.52,-1.44
04/01/2010,133.9,-0.46
05/01/2010,134.69,0.59
06/01/2010,132.25,-1.81
07/01/2010,130,-1.7
08/01/2010,133.52,2.71
11/01/2010,130.31,-2.4
12/01/2010,127.35,-2.27
13/01/2010,129.11,1.38
14/01/2010,127.35,-1.36
15/01/2010,127.14,-0.16
19/01/2010,127.61,0.37
20/01/2010,125.78,-1.43
21/01/2010,126.62,0.67
22/01/2010,121.43,-4.1
25/01/2010,120.31,-0.92
26/01/2010,119.48,-0.69
27/01/2010,122.75,2.74
28/01/2010,126.03,2.67
29/01/2010,125.41,-0.49
01/02/2010,118.87,-5.21
02/02/2010,118.12,-0.63
03/02/2010,119.1,0.83
04/02/2010,115.94,-2.65
05/02/2010,117.39,1.25
08/02/2010,116.83,-0.48
09/02/2010,118.03,1.03
10/02/2010,117.36,-0.57
11/02/2010,120.09,2.33
12/02/2010,119.66,-0.36
16/02/2010,117.53,-1.78
17/02/2010,116.31,-1.04
18/02/2010,118.08,1.52
19/02/2010,117.52,-0.47
22/02/2010,118.01,0.42
23/02/2010,117.24,-0.65
24/02/2010,119.72,2.12
25/02/2010,118.2,-1.27
26/02/2010,118.4,0.17
01/03/2010,124.54,5.19
02/03/2010,125.53,0.79
03/03/2010,125.89,0.29
04/03/2010,128.53,2.1
05/03/2010,128.91,0.3
08/03/2010,130.11,0.93
09/03/2010,128.82,-0.99
10/03/2010,130.51,1.31
11/03/2010,133.58,2.35
12/03/2010,131.82,-1.32
15/03/2010,131.13,-0.52
16/03/2010,131.79,0.5
17/03/2010,131.34,-0.34
18/03/2010,132.76,1.08
19/03/2010,130.35,-1.82
22/03/2010,130.47,0.09
23/03/2010,129.26,-0.93
24/03/2010,128.04,-0.94
25/03/2010,134.73,5.22
26/03/2010,135.06,0.24
29/03/2010,135.12,0.04
30/03/2010,136.58,1.08
31/03/2010,135.77,-0.59
01/04/2010,131.81,-2.92
05/04/2010,131.49,-0.24
06/04/2010,135.56,3.1
07/04/2010,134.87,-0.51
08/04/2010,140.96,4.52
09/04/2010,140.06,-0.64
12/04/2010,141.2,0.81
13/04/2010,140.16,-0.74
14/04/2010,144.28,2.94
15/04/2010,145.82,1.07
16/04/2010,142.17,-2.5
19/04/2010,142.43,0.18
20/04/2010,144.2,1.24
21/04/2010,146.43,1.55
22/04/2010,150.09,2.5
23/04/2010,143.63,-4.3
26/04/2010,147.11,2.42
27/04/2010,142.02,-3.46
28/04/2010,139.35,-1.88
29/04/2010,141.73,1.71
30/04/2010,137.1,-3.27
03/05/2010,137.49,0.28
04/05/2010,129.83,-5.57
05/05/2010,130.93,0.85
06/05/2010,128.71,-1.7
07/05/2010,124.98,-2.9
10/05/2010,131.29,5.05
11/05/2010,130.46,-0.63
12/05/2010,133.87,2.61
13/05/2010,131.47,-1.79
14/05/2010,128.53,-2.24
17/05/2010,128.91,0.3
18/05/2010,126.28,-2.04
19/05/2010,124.59,-1.34
20/05/2010,119.71,-3.92
21/05/2010,122.72,2.51
24/05/2010,122.12,-0.49
25/05/2010,124.86,2.24
26/05/2010,123.21,-1.32
27/05/2010,126.7,2.83
28/05/2010,125.46,-0.98
01/06/2010,123.24,-1.77
02/06/2010,126.31,2.49
03/06/2010,128.76,1.94
04/06/2010,122.77,-4.65
07/06/2010,122.01,-0.62
08/06/2010,118.84,-2.6
09/06/2010,117.91,-0.78
10/06/2010,123.21,4.49
11/06/2010,123.03,-0.15
14/06/2010,123.83,0.65
15/06/2010,126.84,2.43
16/06/2010,126.9,0.05
17/06/2010,125.89,-0.8
18/06/2010,125.83,-0.05
21/06/2010,122.55,-2.61
22/06/2010,122.31,-0.2
23/06/2010,121.45,-0.7
24/06/2010,118.33,-2.57
25/06/2010,121,2.26
28/06/2010,117.8,-2.64
29/06/2010,108.61,-7.8
30/06/2010,109.26,0.6
01/07/2010,110.96,1.56
02/07/2010,109.14,-1.64
06/07/2010,110.06,0.84
07/07/2010,113.43,3.06
08/07/2010,116.22,2.46
09/07/2010,117.26,0.89
12/07/2010,119.51,1.92
13/07/2010,123.65,3.46
14/07/2010,123.3,-0.28
15/07/2010,122.06,-1.01
16/07/2010,118.49,-2.92
19/07/2010,119.94,1.22
20/07/2010,120.1,0.13
21/07/2010,117.43,-2.22
22/07/2010,120.07,2.25
23/07/2010,118.87,-1
26/07/2010,118.4,-0.4
27/07/2010,117.13,-1.07
28/07/2010,117.13,0
29/07/2010,116.86,-0.23
30/07/2010,117.89,0.88
02/08/2010,120.07,1.85
03/08/2010,122.42,1.96
04/08/2010,127.58,4.21
05/08/2010,127.83,0.2
06/08/2010,128.32,0.38
09/08/2010,128.83,0.4
10/08/2010,130,0.91
11/08/2010,125.89,-3.16
12/08/2010,126.56,0.53
13/08/2010,124.69,-1.48
16/08/2010,126.07,1.11
17/08/2010,128.86,2.21
18/08/2010,129.65,0.61
19/08/2010,127.57,-1.6
20/08/2010,127.76,0.15
23/08/2010,126.6,-0.91
24/08/2010,124.53,-1.64
25/08/2010,126.85,1.86
26/08/2010,124.86,-1.57
27/08/2010,126.64,1.43
30/08/2010,123.79,-2.25
31/08/2010,124.83,0.84
01/09/2010,132.49,6.14
02/09/2010,135.21,2.05
03/09/2010,138.79,2.65
07/09/2010,137.22,-1.13
08/09/2010,139.14,1.4
09/09/2010,140.38,0.89
10/09/2010,142.44,1.47
13/09/2010,145.07,1.85
14/09/2010,145.75,0.47
15/09/2010,145.45,-0.21
16/09/2010,148.13,1.84
17/09/2010,148.32,0.13
20/09/2010,151.3,2.01
21/09/2010,150.73,-0.38
22/09/2010,151.83,0.73
23/09/2010,152.85,0.67
24/09/2010,160.73,5.16
27/09/2010,159.37,-0.85
28/09/2010,159.7,0.21
29/09/2010,158.99,-0.44
30/09/2010,157.06,-1.21
01/10/2010,153.71,-2.13
04/10/2010,155.39,1.09
05/10/2010,160.87,3.53
06/10/2010,155.4,-3.4
07/10/2010,156.27,0.56
08/10/2010,155.55,-0.46
11/10/2010,153.03,-1.62
12/10/2010,156.48,2.25
13/10/2010,155.17,-0.84
14/10/2010,155.53,0.23
15/10/2010,164.64,5.86
18/10/2010,163.56,-0.66
19/10/2010,158.67,-2.99
20/10/2010,158.67,0
21/10/2010,164.97,3.97
22/10/2010,169.13,2.52
25/10/2010,169,-0.08
26/10/2010,169.95,0.56
27/10/2010,167.51,-1.44
28/10/2010,166.84,-0.4
29/10/2010,165.23,-0.96
01/11/2010,162.58,-1.6
02/11/2010,164.61,1.25
03/11/2010,168.47,2.34
04/11/2010,168.93,0.27
05/11/2010,170.77,1.09
08/11/2010,171.99,0.71
09/11/2010,170.27,-1
10/11/2010,173.33,1.8
11/11/2010,170.37,-1.71
12/11/2010,165.68,-2.75
15/11/2010,158.9,-4.09
16/11/2010,157.78,-0.7
17/11/2010,158.35,0.36
18/11/2010,164.17,3.68
19/11/2010,164.82,0.4
22/11/2010,170.39,3.38
23/11/2010,168.2,-1.29
24/11/2010,177.25,5.38
26/11/2010,177.2,-0.03
29/11/2010,179.49,1.29
30/11/2010,175.4,-2.28
01/12/2010,176.55,0.66
02/12/2010,176.53,-0.01
03/12/2010,175.68,-0.48
06/12/2010,178.05,1.35
07/12/2010,176.77,-0.72
08/12/2010,176.29,-0.27
09/12/2010,174.85,-0.82
10/12/2010,175.62,0.44
13/12/2010,174.25,-0.78
14/12/2010,173.94,-0.18
15/12/2010,175.57,0.94
16/12/2010,178.04,1.41
17/12/2010,177.58,-0.26
20/12/2010,183.29,3.22
21/12/2010,184.75,0.8
22/12/2010,184.76,0.01
23/12/2010,182.59,-1.17
27/12/2010,182.14,-0.25
28/12/2010,181.09,-0.58
29/12/2010,183.37,1.26
30/12/2010,182.75,-0.34
31/12/2010,180,-1.5
03/01/2011,184.22,2.34
04/01/2011,185.01,0.43
05/01/2011,187.42,1.3
06/01/2011,185.86,-0.83
07/01/2011,185.49,-0.2
10/01/2011,184.68,-0.44
11/01/2011,184.34,-0.18
12/01/2011,184.08,-0.14
13/01/2011,185.53,0.79
14/01/2011,188.75,1.74
18/01/2011,191.25,1.32
19/01/2011,186.87,-2.29
20/01/2011,181.96,-2.63
21/01/2011,177.42,-2.5
24/01/2011,176.85,-0.32
25/01/2011,176.7,-0.08
26/01/2011,175.39,-0.74
27/01/2011,184.45,5.17
28/01/2011,171.14,-7.22
31/01/2011,169.64,-0.88
01/02/2011,172.11,1.46
02/02/2011,173.53,0.83
03/02/2011,173.71,0.1
04/02/2011,175.93,1.28
07/02/2011,176.43,0.28
08/02/2011,183.06,3.76
09/02/2011,185.3,1.22
10/02/2011,186.21,0.49
11/02/2011,189.25,1.63
14/02/2011,190.42,0.62
15/02/2011,189.03,-0.73
16/02/2011,186.62,-1.27
17/02/2011,187.76,0.61
18/02/2011,186.5,-0.67
22/02/2011,180.42,-3.26
23/02/2011,176.68,-2.07
24/02/2011,177.75,0.61
25/02/2011,177.24,-0.29
28/02/2011,173.29,-2.23
01/03/2011,169.44,-2.22
02/03/2011,172.02,1.52
03/03/2011,172.79,0.45
04/03/2011,171.67,-0.65
07/03/2011,169.08,-1.51
08/03/2011,166.89,-1.3
09/03/2011,169.05,1.29
10/03/2011,166.14,-1.72
11/03/2011,168.07,1.16
14/03/2011,166.73,-0.8
15/03/2011,165.08,-0.99
16/03/2011,164.7,-0.23
17/03/2011,160.97,-2.26
18/03/2011,161.82,0.53
21/03/2011,164.52,1.67
22/03/2011,162.6,-1.17
23/03/2011,165.32,1.67
24/03/2011,171.1,3.5
25/03/2011,170.98,-0.07
28/03/2011,169.35,-0.95
29/03/2011,174.62,3.11
30/03/2011,179.42,2.75
31/03/2011,180.13,0.4
01/04/2011,180.13,0
04/04/2011,182.94,1.56
05/04/2011,185.29,1.28
06/04/2011,182.76,-1.37
07/04/2011,184.91,1.18
08/04/2011,184.71,-0.11
11/04/2011,184.04,-0.36
12/04/2011,180.48,-1.93
13/04/2011,182.29,1
14/04/2011,181.82,-0.26
15/04/2011,180.01,-1
18/04/2011,178.34,-0.93
19/04/2011,178.82,0.27
20/04/2011,183.87,2.82
21/04/2011,185.89,1.1
25/04/2011,185.42,-0.25
26/04/2011,182.3,-1.68
27/04/2011,196.63,7.86
28/04/2011,195.07,-0.79
29/04/2011,195.81,0.38
02/05/2011,201.19,2.75
03/05/2011,198.45,-1.36
04/05/2011,199.97,0.77
05/05/2011,197.11,-1.43
06/05/2011,197.6,0.25
09/05/2011,200.8,1.62
10/05/2011,203.94,1.56
11/05/2011,204.38,0.22
12/05/2011,206.07,0.83
13/05/2011,202.56,-1.7
16/05/2011,192.51,-4.96
17/05/2011,194.81,1.19
18/05/2011,197.09,1.17
19/05/2011,198.8,0.87
20/05/2011,198.65,-0.08
23/05/2011,196.22,-1.22
24/05/2011,193.27,-1.5
25/05/2011,192.26,-0.52
26/05/2011,195,1.43
27/05/2011,194.13,-0.45
31/05/2011,196.69,1.32
01/06/2011,192.4,-2.18
02/06/2011,193.65,0.65
03/06/2011,188.32,-2.75
06/06/2011,185.69,-1.4
07/06/2011,187.55,1
08/06/2011,188.05,0.27
09/06/2011,189.68,0.87
10/06/2011,186.53,-1.66
13/06/2011,186.29,-0.13
14/06/2011,189.96,1.97
15/06/2011,185.98,-2.1
16/06/2011,183.65,-1.25
17/06/2011,186.37,1.48
20/06/2011,187.72,0.72
21/06/2011,194.23,3.47
22/06/2011,191.63,-1.34
23/06/2011,194.16,1.32
24/06/2011,192.55,-0.83
27/06/2011,201.25,4.52
28/06/2011,202.35,0.55
29/06/2011,204.18,0.9
30/06/2011,204.49,0.15
01/07/2011,209.49,2.45
05/07/2011,213.19,1.77
06/07/2011,214.19,0.47
07/07/2011,216.74,1.19
08/07/2011,218.28,0.71
11/07/2011,212.55,-2.63
12/07/2011,211.23,-0.62
13/07/2011,213.5,1.07
14/07/2011,210.38,-1.46
15/07/2011,212.87,1.18
18/07/2011,211.53,-0.63
19/07/2011,218.06,3.09
20/07/2011,215.55,-1.15
21/07/2011,213.21,-1.09
22/07/2011,216.52,1.55
25/07/2011,213.49,-1.4
26/07/2011,214.18,0.32
27/07/2011,222.52,3.89
28/07/2011,223.9,0.62
29/07/2011,222.52,-0.62
01/08/2011,221.32,-0.54
02/08/2011,211.7,-4.35
03/08/2011,209.96,-0.82
04/08/2011,201.48,-4.04
05/08/2011,202.7,0.61
08/08/2011,193.7,-4.44
09/08/2011,205.09,5.88
10/08/2011,194.13,-5.34
11/08/2011,198.36,2.18
12/08/2011,202.3,1.99
15/08/2011,202.95,0.32
16/08/2011,197.68,-2.6
17/08/2011,195.93,-0.89
18/08/2011,182.52,-6.84
19/08/2011,178.93,-1.97
22/08/2011,177.54,-0.78
23/08/2011,193.55,9.02
24/08/2011,193.73,0.09
25/08/2011,192.03,-0.88
26/08/2011,199.27,3.77
29/08/2011,206.53,3.64
30/08/2011,210.92,2.13
31/08/2011,215.23,2.04
01/09/2011,212.54,-1.25
02/09/2011,210,-1.2
06/09/2011,216.18,2.94
07/09/2011,219.9,1.72
08/09/2011,217.26,-1.2
09/09/2011,211.39,-2.7
12/09/2011,216.56,2.45
13/09/2011,219.53,1.37
14/09/2011,222.57,1.38
15/09/2011,226.78,1.89
16/09/2011,239.3,5.52
19/09/2011,241.69,1
20/09/2011,233.25,-3.49
21/09/2011,231.87,-0.59
22/09/2011,223.23,-3.73
23/09/2011,223.61,0.17
26/09/2011,229.85,2.79
27/09/2011,224.21,-2.45
28/09/2011,229.71,2.45
29/09/2011,222.44,-3.16
30/09/2011,216.23,-2.79
03/10/2011,211.98,-1.97
04/10/2011,212.5,0.25
05/10/2011,219.5,3.29
06/10/2011,221.51,0.92
07/10/2011,224.74,1.46
10/10/2011,231.32,2.93
11/10/2011,235.48,1.8
12/10/2011,236.81,0.56
13/10/2011,236.15,-0.28
14/10/2011,246.71,4.47
17/10/2011,242.33,-1.78
18/10/2011,243.88,0.64
19/10/2011,231.53,-5.06
20/10/2011,233.61,0.9
21/10/2011,234.78,0.5
24/10/2011,237.61,1.21
25/10/2011,227.15,-4.4
26/10/2011,198.4,-12.66
27/10/2011,206.78,4.22
28/10/2011,217.32,5.1
31/10/2011,213.51,-1.75
01/11/2011,212.1,-0.66
02/11/2011,215.62,1.66
03/11/2011,218.29,1.24
04/11/2011,216.48,-0.83
07/11/2011,217,0.24
08/11/2011,217.99,0.46
09/11/2011,211.22,-3.11
10/11/2011,210.79,-0.2
11/11/2011,217.39,3.13
14/11/2011,218.93,0.71
15/11/2011,217.83,-0.5
16/11/2011,211.99,-2.68
17/11/2011,204.52,-3.52
18/11/2011,197.14,-3.61
21/11/2011,189.25,-4
22/11/2011,192.34,1.63
23/11/2011,188.99,-1.74
25/11/2011,182.4,-3.49
28/11/2011,194.15,6.44
29/11/2011,188.39,-2.97
30/11/2011,192.29,2.07
01/12/2011,197.13,2.52
02/12/2011,196.03,-0.56
05/12/2011,196.24,0.11
06/12/2011,191.99,-2.17
07/12/2011,195.32,1.73
08/12/2011,190.48,-2.48
09/12/2011,193.03,1.34
12/12/2011,189.52,-1.82
13/12/2011,180.51,-4.75
14/12/2011,180.21,-0.17
15/12/2011,181.26,0.58
16/12/2011,181.26,0
19/12/2011,179.33,-1.06
20/12/2011,182.52,1.78
21/12/2011,174.35,-4.48
22/12/2011,179.03,2.68
23/12/2011,177.28,-0.98
27/12/2011,176.27,-0.57
28/12/2011,173.89,-1.35
29/12/2011,173.86,-0.02
30/12/2011,173.1,-0.44
03/01/2012,179.03,3.43
04/01/2012,177.51,-0.85
05/01/2012,177.61,0.06
06/01/2012,182.61,2.82
09/01/2012,178.56,-2.22
10/01/2012,179.34,0.44
11/01/2012,178.9,-0.25
12/01/2012,175.93,-1.66
13/01/2012,178.42,1.42
17/01/2012,181.66,1.82
18/01/2012,189.44,4.28
19/01/2012,194.45,2.64
20/01/2012,190.93,-1.81
23/01/2012,186.09,-2.53
24/01/2012,187,0.49
25/01/2012,187.8,0.43
26/01/2012,193.32,2.94
27/01/2012,195.37,1.06
30/01/2012,192.15,-1.65
31/01/2012,194.44,1.19
01/02/2012,179.46,-7.7
02/02/2012,181.72,1.26
03/02/2012,187.68,3.28
06/02/2012,183.14,-2.42
07/02/2012,184.19,0.57
08/02/2012,185.48,0.7
09/02/2012,184.98,-0.27
10/02/2012,185.54,0.3
13/02/2012,191.59,3.26
14/02/2012,191.3,-0.15
15/02/2012,184.47,-3.57
16/02/2012,179.93,-2.46
17/02/2012,182.5,1.43
21/02/2012,182.26,-0.13
22/02/2012,180.58,-0.92
23/02/2012,178.89,-0.94
24/02/2012,179.13,0.13
27/02/2012,178.53,-0.33
28/02/2012,183.8,2.95
29/02/2012,179.69,-2.24
01/03/2012,180.04,0.19
02/03/2012,179.3,-0.41
05/03/2012,180.26,0.54
06/03/2012,181.09,0.46
07/03/2012,183.77,1.48
08/03/2012,187.64,2.11
09/03/2012,184.32,-1.77
12/03/2012,183.39,-0.5
13/03/2012,184.59,0.65
14/03/2012,182.26,-1.26
15/03/2012,184.43,1.19
16/03/2012,185.05,0.34
19/03/2012,185.52,0.25
20/03/2012,192.33,3.67
21/03/2012,191.73,-0.31
22/03/2012,192.4,0.35
23/03/2012,195.04,1.37
26/03/2012,202.87,4.01
27/03/2012,205.44,1.27
28/03/2012,201.16,-2.08
29/03/2012,204.61,1.72
30/03/2012,202.51,-1.03
02/04/2012,198.05,-2.2
03/04/2012,199.66,0.81
04/04/2012,193.99,-2.84
05/04/2012,194.39,0.21
09/04/2012,191.87,-1.3
10/04/2012,186.98,-2.55
11/04/2012,187.97,0.53
12/04/2012,190.69,1.45
13/04/2012,188.46,-1.17
16/04/2012,185.5,-1.57
17/04/2012,188.39,1.56
18/04/2012,191.07,1.42
19/04/2012,191.1,0.02
20/04/2012,189.98,-0.59
23/04/2012,188.24,-0.92
24/04/2012,190.33,1.11
25/04/2012,194.42,2.15
26/04/2012,195.99,0.81
27/04/2012,226.85,15.75
30/04/2012,231.9,2.23
01/05/2012,230.04,-0.8
02/05/2012,230.25,0.09
03/05/2012,229.45,-0.35
04/05/2012,223.99,-2.38
07/05/2012,225.16,0.52
08/05/2012,223.9,-0.56
09/05/2012,222.98,-0.41
10/05/2012,226.69,1.66
11/05/2012,227.68,0.44
14/05/2012,222.93,-2.09
15/05/2012,224.39,0.65
16/05/2012,224.06,-0.15
17/05/2012,218.36,-2.54
18/05/2012,213.85,-2.07
21/05/2012,218.11,1.99
22/05/2012,215.33,-1.27
23/05/2012,217.28,0.91
24/05/2012,215.24,-0.94
25/05/2012,212.89,-1.09
29/05/2012,214.75,0.87
30/05/2012,209.23,-2.57
31/05/2012,212.91,1.76
01/06/2012,208.22,-2.2
04/06/2012,214.57,3.05
05/06/2012,213.21,-0.63
06/06/2012,217.64,2.08
07/06/2012,218.8,0.53
08/06/2012,218.48,-0.15
11/06/2012,216.5,-0.91
12/06/2012,216.42,-0.04
13/06/2012,214.73,-0.78
14/06/2012,214.45,-0.13
15/06/2012,218.35,1.82
18/06/2012,222.66,1.97
19/06/2012,224.03,0.62
20/06/2012,223.02,-0.45
21/06/2012,220.57,-1.1
22/06/2012,222.16,0.72
25/06/2012,220.07,-0.94
26/06/2012,225.61,2.52
27/06/2012,225.62,0
28/06/2012,221.31,-1.91
29/06/2012,228.35,3.18
02/07/2012,229.32,0.42
03/07/2012,229.53,0.09
05/07/2012,227.06,-1.08
06/07/2012,225.05,-0.89
09/07/2012,225.05,0
10/07/2012,219.5,-2.47
11/07/2012,218.37,-0.51
12/07/2012,215.36,-1.38
13/07/2012,218.39,1.41
16/07/2012,216.01,-1.09
17/07/2012,216.93,0.43
18/07/2012,217.47,0.25
19/07/2012,226.17,4
20/07/2012,228.29,0.94
23/07/2012,226.01,-1
24/07/2012,223.04,-1.31
25/07/2012,217.05,-2.69
26/07/2012,220.01,1.36
27/07/2012,237.32,7.87
30/07/2012,236.09,-0.52
31/07/2012,233.3,-1.18
01/08/2012,232.09,-0.52
02/08/2012,230.81,-0.55
03/08/2012,234.97,1.8
06/08/2012,233.99,-0.42
07/08/2012,236.56,1.1
08/08/2012,234.38,-0.92
09/08/2012,234.06,-0.14
10/08/2012,232.75,-0.56
13/08/2012,232.44,-0.13
14/08/2012,233.19,0.32
15/08/2012,237.42,1.81
16/08/2012,241.55,1.74
17/08/2012,241.17,-0.16
20/08/2012,240.35,-0.34
21/08/2012,239.45,-0.37
22/08/2012,243.1,1.52
23/08/2012,241.2,-0.78
24/08/2012,245.74,1.88
27/08/2012,243.92,-0.74
28/08/2012,246.11,0.9
29/08/2012,247.12,0.41
30/08/2012,246.22,-0.36
31/08/2012,248.27,0.83
04/09/2012,247.88,-0.16
05/09/2012,246.22,-0.67
06/09/2012,251.38,2.1
07/09/2012,259.14,3.09
10/09/2012,257.09,-0.79
11/09/2012,255.67,-0.55
12/09/2012,255.63,-0.02
13/09/2012,260.24,1.8
14/09/2012,261.27,0.4
17/09/2012,258,-1.25
18/09/2012,258.75,0.29
19/09/2012,261.68,1.13
20/09/2012,260.81,-0.33
21/09/2012,257.47,-1.28
24/09/2012,254.8,-1.04
25/09/2012,252.46,-0.92
26/09/2012,249.67,-1.11
27/09/2012,256.59,2.77
28/09/2012,254.32,-0.88
01/10/2012,252.01,-0.91
02/10/2012,250.6,-0.56
03/10/2012,255.92,2.12
04/10/2012,260.47,1.78
05/10/2012,258.51,-0.75
08/10/2012,259.06,0.21
09/10/2012,250.96,-3.13
10/10/2012,244.99,-2.38
11/10/2012,244.22,-0.31
12/10/2012,242.36,-0.76
15/10/2012,244.18,0.75
16/10/2012,243.94,-0.1
17/10/2012,247.49,1.46
18/10/2012,244.85,-1.07
19/10/2012,240,-1.98
22/10/2012,233.78,-2.59
23/10/2012,234.31,0.23
24/10/2012,228.49,-2.48
25/10/2012,222.92,-2.44
26/10/2012,238.24,6.87
31/10/2012,232.89,-2.25
01/11/2012,232.14,-0.32
02/11/2012,232.42,0.12
05/11/2012,234.33,0.82
06/11/2012,237.56,1.38
07/11/2012,232.06,-2.32
08/11/2012,227.35,-2.03
09/11/2012,226.31,-0.46
12/11/2012,226.47,0.07
13/11/2012,226.6,0.06
14/11/2012,222.95,-1.61
15/11/2012,220.6,-1.05
16/11/2012,225.23,2.1
19/11/2012,229.71,1.99
20/11/2012,233.78,1.77
21/11/2012,238.03,1.82
23/11/2012,239.88,0.78
26/11/2012,243.62,1.56
27/11/2012,243.4,-0.09
28/11/2012,247.11,1.52
29/11/2012,251.27,1.68
30/11/2012,252.05,0.31
03/12/2012,250.33,-0.68
04/12/2012,252.49,0.86
05/12/2012,253.96,0.58
06/12/2012,253.37,-0.23
07/12/2012,253.27,-0.04
10/12/2012,247.77,-2.17
11/12/2012,250.69,1.18
12/12/2012,251.76,0.43
13/12/2012,251.25,-0.2
14/12/2012,249.19,-0.82
17/12/2012,253.86,1.87
18/12/2012,260.4,2.58
19/12/2012,257.99,-0.93
20/12/2012,261.5,1.36
21/12/2012,256.92,-1.75
24/12/2012,258.62,0.66
26/12/2012,248.63,-3.86
27/12/2012,248.31,-0.13
28/12/2012,245.18,-1.26
31/12/2012,250.87,2.32
02/01/2013,257.31,2.57
03/01/2013,258.48,0.45
04/01/2013,259.15,0.26
07/01/2013,268.46,3.59
08/01/2013,266.38,-0.77
09/01/2013,266.35,-0.01
10/01/2013,265.34,-0.38
11/01/2013,267.94,0.98
14/01/2013,272.73,1.79
15/01/2013,271.9,-0.3
16/01/2013,268.93,-1.09
17/01/2013,270.48,0.58
18/01/2013,272.12,0.61
22/01/2013,270.19,-0.71
23/01/2013,268.11,-0.77
24/01/2013,273.46,2
25/01/2013,283.99,3.85
28/01/2013,276.04,-2.8
29/01/2013,260.35,-5.68
30/01/2013,272.76,4.77
31/01/2013,265.5,-2.66
01/02/2013,265,-0.19
04/02/2013,259.98,-1.89
05/02/2013,266.89,2.66
06/02/2013,262.22,-1.75
07/02/2013,260.23,-0.76
08/02/2013,261.95,0.66
11/02/2013,257.21,-1.81
12/02/2013,258.7,0.58
13/02/2013,269.47,4.16
14/02/2013,269.24,-0.09
15/02/2013,265.09,-1.54
19/02/2013,269.75,1.76
20/02/2013,266.41,-1.24
21/02/2013,265.94,-0.18
22/02/2013,265.42,-0.2
25/02/2013,259.87,-2.09
26/02/2013,259.36,-0.2
27/02/2013,263.25,1.5
28/02/2013,264.27,0.39
01/03/2013,265.74,0.56
04/03/2013,273.11,2.77
05/03/2013,275.59,0.91
06/03/2013,273.79,-0.65
07/03/2013,273.88,0.03
08/03/2013,274.19,0.11
11/03/2013,271.24,-1.08
12/03/2013,274.13,1.07
13/03/2013,275.1,0.35
14/03/2013,265.74,-3.4
15/03/2013,261.82,-1.48
18/03/2013,257.89,-1.5
19/03/2013,256.41,-0.57
20/03/2013,257.28,0.34
21/03/2013,253.39,-1.51
22/03/2013,257.75,1.72
25/03/2013,256.02,-0.67
26/03/2013,260.31,1.68
27/03/2013,265.3,1.92
28/03/2013,266.49,0.45
01/04/2013,261.61,-1.83
02/04/2013,263.32,0.65
03/04/2013,259.03,-1.63
04/04/2013,259.08,0.02
05/04/2013,255.48,-1.39
08/04/2013,258.95,1.36
09/04/2013,261.14,0.85
10/04/2013,264.77,1.39
11/04/2013,269.85,1.92
12/04/2013,272.87,1.12
15/04/2013,267.72,-1.89
16/04/2013,272.34,1.73
17/04/2013,267.4,-1.81
18/04/2013,259.42,-2.98
19/04/2013,260.32,0.35
22/04/2013,263.55,1.24
23/04/2013,268.9,2.03
24/04/2013,268.78,-0.04
25/04/2013,274.7,2.2
26/04/2013,254.81,-7.24
29/04/2013,249.74,-1.99
30/04/2013,253.81,1.63
01/05/2013,248.23,-2.2
02/05/2013,252.55,1.74
03/05/2013,258.05,2.18
06/05/2013,255.72,-0.9
07/05/2013,257.73,0.79
08/05/2013,258.68,0.37
09/05/2013,260.16,0.57
10/05/2013,263.63,1.33
13/05/2013,264.51,0.33
14/05/2013,268.33,1.44
15/05/2013,266.56,-0.66
16/05/2013,264.12,-0.92
17/05/2013,269.9,2.19
20/05/2013,267.63,-0.84
21/05/2013,268.86,0.46
22/05/2013,262.96,-2.19
23/05/2013,261.8,-0.44
24/05/2013,261.74,-0.02
28/05/2013,267.29,2.12
29/05/2013,265.53,-0.66
30/05/2013,266.83,0.49
31/05/2013,269.2,0.89
03/06/2013,266.88,-0.86
04/06/2013,265.7,-0.44
05/06/2013,267.17,0.55
06/06/2013,267.83,0.25
07/06/2013,276.87,3.38
10/06/2013,281.07,1.52
11/06/2013,274.78,-2.24
12/06/2013,271.67,-1.13
13/06/2013,275.79,1.52
14/06/2013,273.99,-0.65
17/06/2013,278.06,1.49
18/06/2013,281.76,1.33
19/06/2013,278.16,-1.28
20/06/2013,273.44,-1.7
21/06/2013,273.36,-0.03
24/06/2013,270.61,-1.01
25/06/2013,272.09,0.55
26/06/2013,277.57,2.01
27/06/2013,277.55,-0.01
28/06/2013,277.69,0.05
01/07/2013,282.1,1.59
02/07/2013,283.73,0.58
03/07/2013,284.03,0.11
05/07/2013,285.88,0.65
08/07/2013,290.59,1.65
09/07/2013,291.53,0.32
10/07/2013,292.33,0.27
11/07/2013,299.66,2.51
12/07/2013,307.55,2.63
15/07/2013,306.57,-0.32
16/07/2013,306.87,0.1
17/07/2013,308.69,0.59
18/07/2013,304.11,-1.48
19/07/2013,305.23,0.37
22/07/2013,303.48,-0.57
23/07/2013,301.06,-0.8
24/07/2013,298.94,-0.7
25/07/2013,303.4,1.49
26/07/2013,312.01,2.84
29/07/2013,306.1,-1.89
30/07/2013,302.41,-1.21
31/07/2013,301.22,-0.39
01/08/2013,305.57,1.44
02/08/2013,304.21,-0.45
05/08/2013,300.99,-1.06
06/08/2013,300.75,-0.08
07/08/2013,296.91,-1.28
08/08/2013,295.74,-0.39
09/08/2013,297.26,0.51
12/08/2013,296.69,-0.19
13/08/2013,293.97,-0.92
14/08/2013,291.34,-0.89
15/08/2013,286.47,-1.67
16/08/2013,284.82,-0.58
19/08/2013,285.57,0.26
20/08/2013,287.09,0.53
21/08/2013,284.57,-0.88
22/08/2013,289.73,1.81
23/08/2013,290.01,0.1
26/08/2013,286.21,-1.31
27/08/2013,280.93,-1.84
28/08/2013,281.58,0.23
29/08/2013,283.98,0.85
30/08/2013,280.98,-1.06
03/09/2013,288.8,2.78
04/09/2013,293.64,1.68
05/09/2013,294.1,0.16
06/09/2013,295.86,0.6
09/09/2013,299.71,1.3
10/09/2013,300.36,0.22
11/09/2013,299.64,-0.24
12/09/2013,298.86,-0.26
13/09/2013,297.92,-0.31
16/09/2013,296.06,-0.62
17/09/2013,304.17,2.74
18/09/2013,312.03,2.58
19/09/2013,312.06,0.01
20/09/2013,316.34,1.37
23/09/2013,311.49,-1.53
24/09/2013,314.13,0.85
25/09/2013,312.65,-0.47
26/09/2013,318.12,1.75
27/09/2013,316.01,-0.66
30/09/2013,312.64,-1.07
01/10/2013,320.95,2.66
02/10/2013,320.51,-0.14
03/10/2013,314.76,-1.79
04/10/2013,319.04,1.36
07/10/2013,310.03,-2.82
08/10/2013,303.23,-2.19
09/10/2013,298.23,-1.65
10/10/2013,305.17,2.33
11/10/2013,310.89,1.87
14/10/2013,310.7,-0.06
15/10/2013,306.4,-1.38
16/10/2013,310.49,1.33
17/10/2013,310.77,0.09
18/10/2013,328.93,5.84
21/10/2013,326.44,-0.76
22/10/2013,332.54,1.87
23/10/2013,326.76,-1.74
24/10/2013,332.21,1.67
25/10/2013,363.39,9.39
28/10/2013,358.16,-1.44
29/10/2013,362.7,1.27
30/10/2013,361.08,-0.45
31/10/2013,364.03,0.82
01/11/2013,359,-1.38
04/11/2013,358.74,-0.07
05/11/2013,358.89,0.04
06/11/2013,356.18,-0.76
07/11/2013,343.56,-3.54
08/11/2013,350.31,1.96
11/11/2013,354.38,1.16
12/11/2013,349.53,-1.37
13/11/2013,356.22,1.91
14/11/2013,367.4,3.14
15/11/2013,369.17,0.48
18/11/2013,366.18,-0.81
19/11/2013,364.94,-0.34
20/11/2013,362.57,-0.65
21/11/2013,368.92,1.75
22/11/2013,372.31,0.92
25/11/2013,376.64,1.16
26/11/2013,381.37,1.26
27/11/2013,386.71,1.4
29/11/2013,393.62,1.79
02/12/2013,392.3,-0.34
03/12/2013,384.66,-1.95
04/12/2013,385.96,0.34
05/12/2013,384.49,-0.38
06/12/2013,386.95,0.64
09/12/2013,384.89,-0.53
10/12/2013,387.78,0.75
11/12/2013,382.19,-1.44
12/12/2013,381.25,-0.25
13/12/2013,384.24,0.78
16/12/2013,388.97,1.23
17/12/2013,387.65,-0.34
18/12/2013,395.96,2.14
19/12/2013,395.19,-0.19
20/12/2013,402.2,1.77
23/12/2013,402.92,0.18
24/12/2013,399.2,-0.92
26/12/2013,404.39,1.3
27/12/2013,398.08,-1.56
30/12/2013,393.37,-1.18
31/12/2013,398.79,1.38
02/01/2014,397.97,-0.21
03/01/2014,396.44,-0.38
06/01/2014,393.63,-0.71
07/01/2014,398.03,1.12
08/01/2014,401.92,0.98
09/01/2014,401.01,-0.23
10/01/2014,397.66,-0.84
13/01/2014,390.98,-1.68
14/01/2014,397.54,1.68
15/01/2014,395.87,-0.42
16/01/2014,395.8,-0.02
17/01/2014,399.61,0.96
21/01/2014,407.05,1.86
22/01/2014,404.54,-0.62
23/01/2014,399.87,-1.15
24/01/2014,387.6,-3.07
27/01/2014,386.28,-0.34
28/01/2014,394.43,2.11
29/01/2014,384.2,-2.59
30/01/2014,403.01,4.9
31/01/2014,358.69,-11
03/02/2014,346.15,-3.5
04/02/2014,347.95,0.52
05/02/2014,346.45,-0.43
06/02/2014,354.59,2.35
07/02/2014,361.08,1.83
10/02/2014,360.87,-0.06
11/02/2014,361.79,0.25
12/02/2014,349.25,-3.47
13/02/2014,357.2,2.28
14/02/2014,357.35,0.04
18/02/2014,353.65,-1.04
19/02/2014,347.38,-1.77
20/02/2014,349.8,0.7
21/02/2014,346.76,-0.87
24/02/2014,351.78,1.45
25/02/2014,358.32,1.86
26/02/2014,359.8,0.41
27/02/2014,360.13,0.09
28/02/2014,362.1,0.55
03/03/2014,359.78,-0.64
04/03/2014,363.9,1.15
05/03/2014,372.37,2.33
06/03/2014,372.16,-0.06
07/03/2014,372.06,-0.03
10/03/2014,370.53,-0.41
11/03/2014,368.82,-0.46
12/03/2014,370.64,0.49
13/03/2014,371.51,0.23
14/03/2014,373.74,0.6
17/03/2014,375.04,0.35
18/03/2014,378.77,0.99
19/03/2014,373.23,-1.46
20/03/2014,368.97,-1.14
21/03/2014,360.62,-2.26
24/03/2014,351.85,-2.43
25/03/2014,354.71,0.81
26/03/2014,343.41,-3.19
27/03/2014,338.47,-1.44
28/03/2014,338.29,-0.05
31/03/2014,336.37,-0.57
01/04/2014,342.99,1.97
02/04/2014,341.96,-0.3
03/04/2014,333.62,-2.44
04/04/2014,323,-3.18
07/04/2014,317.76,-1.62
08/04/2014,327.07,2.93
09/04/2014,331.81,1.45
10/04/2014,317.11,-4.43
11/04/2014,311.73,-1.7
14/04/2014,315.91,1.34
15/04/2014,316.08,0.05
16/04/2014,323.68,2.4
17/04/2014,324.91,0.38
21/04/2014,330.87,1.83
22/04/2014,329.32,-0.47
23/04/2014,324.58,-1.44
24/04/2014,337.15,3.87
25/04/2014,303.83,-9.88
28/04/2014,296.58,-2.39
29/04/2014,300.38,1.28
30/04/2014,304.13,1.25
01/05/2014,307.89,1.24
02/05/2014,308.01,0.04
05/05/2014,310.05,0.66
06/05/2014,297.38,-4.09
07/05/2014,292.71,-1.57
08/05/2014,288.32,-1.5
09/05/2014,292.24,1.36
12/05/2014,302.86,3.63
13/05/2014,304.64,0.59
14/05/2014,297.62,-2.3
15/05/2014,295.19,-0.82
16/05/2014,297.7,0.85
19/05/2014,296.76,-0.32
20/05/2014,301.19,1.49
21/05/2014,305.01,1.27
22/05/2014,304.91,-0.03
23/05/2014,312.24,2.4
27/05/2014,310.82,-0.45
28/05/2014,310.16,-0.21
29/05/2014,313.78,1.17
30/05/2014,312.55,-0.39
02/06/2014,308.84,-1.19
03/06/2014,307.19,-0.53
04/06/2014,306.78,-0.13
05/06/2014,323.57,5.47
06/06/2014,329.67,1.89
09/06/2014,327.5,-0.66
10/06/2014,332.41,1.5
11/06/2014,335.2,0.84
12/06/2014,325.91,-2.77
13/06/2014,326.27,0.11
16/06/2014,327.62,0.41
17/06/2014,325.62,-0.61
18/06/2014,334.38,2.69
19/06/2014,327,-2.21
20/06/2014,324.2,-0.86
23/06/2014,327.24,0.94
24/06/2014,324.16,-0.94
25/06/2014,327.44,1.01
26/06/2014,325.69,-0.53
27/06/2014,324.57,-0.34
30/06/2014,324.78,0.06
01/07/2014,332.39,2.34
02/07/2014,332.85,0.14
03/07/2014,337.49,1.39
07/07/2014,333.55,-1.17
08/07/2014,323.81,-2.92
09/07/2014,329.97,1.9
10/07/2014,327.92,-0.62
11/07/2014,346.2,5.57
14/07/2014,355.32,2.63
15/07/2014,354.44,-0.25
16/07/2014,355.9,0.41
17/07/2014,352.45,-0.97
18/07/2014,358.66,1.76
21/07/2014,359.76,0.31
22/07/2014,360.84,0.3
23/07/2014,358.14,-0.75
24/07/2014,358.61,0.13
25/07/2014,324.01,-9.65
28/07/2014,320.41,-1.11
29/07/2014,320,-0.13
30/07/2014,322.51,0.78
31/07/2014,312.99,-2.95
01/08/2014,307.06,-1.89
04/08/2014,313.65,2.15
05/08/2014,312.32,-0.42
06/08/2014,313.89,0.5
07/08/2014,311.45,-0.78
08/08/2014,316.8,1.72
11/08/2014,318.33,0.48
12/08/2014,319.32,0.31
13/08/2014,326.28,2.18
14/08/2014,333.21,2.12
15/08/2014,333.63,0.13
18/08/2014,334.53,0.27
19/08/2014,335.13,0.18
20/08/2014,335.78,0.19
21/08/2014,332.91,-0.85
22/08/2014,331.59,-0.4
25/08/2014,334.02,0.73
26/08/2014,341.83,2.34
27/08/2014,343.18,0.39
28/08/2014,340.02,-0.92
29/08/2014,339.04,-0.29
02/09/2014,342.38,0.99
03/09/2014,339,-0.99
04/09/2014,345.95,2.05
05/09/2014,346.38,0.12
08/09/2014,342.34,-1.17
09/09/2014,329.75,-3.68
10/09/2014,331.33,0.48
11/09/2014,330.52,-0.24
12/09/2014,331.19,0.2
15/09/2014,323.89,-2.2
16/09/2014,327.76,1.19
17/09/2014,324,-1.15
18/09/2014,325,0.31
19/09/2014,331.32,1.94
22/09/2014,324.5,-2.06
23/09/2014,323.63,-0.27
24/09/2014,328.21,1.42
25/09/2014,321.93,-1.91
26/09/2014,323.21,0.4
29/09/2014,321.82,-0.43
30/09/2014,322.44,0.19
01/10/2014,317.46,-1.54
02/10/2014,318.41,0.3
03/10/2014,322.74,1.36
06/10/2014,322.2,-0.17
07/10/2014,316.98,-1.62
08/10/2014,322.7,1.8
09/10/2014,315.37,-2.27
10/10/2014,311.39,-1.26
13/10/2014,306.45,-1.59
14/10/2014,308.31,0.61
15/10/2014,305.97,-0.76
16/10/2014,302.86,-1.02
17/10/2014,303.64,0.26
20/10/2014,306.21,0.85
21/10/2014,315.33,2.98
22/10/2014,312.97,-0.75
23/10/2014,313.18,0.07
24/10/2014,287.06,-8.34
27/10/2014,289.97,1.01
28/10/2014,295.59,1.94
29/10/2014,294.12,-0.5
30/10/2014,299.07,1.68
31/10/2014,305.46,2.14
03/11/2014,305.72,0.09
04/11/2014,302.81,-0.95
05/11/2014,296.52,-2.08
06/11/2014,296.64,0.04
07/11/2014,299.86,1.09
10/11/2014,305.11,1.75
11/11/2014,312.01,2.26
12/11/2014,311.51,-0.16
13/11/2014,316.48,1.6
14/11/2014,327.82,3.58
17/11/2014,323.05,-1.46
18/11/2014,324.93,0.58
19/11/2014,326.54,0.5
20/11/2014,330.54,1.22
21/11/2014,332.63,0.63
24/11/2014,335.64,0.9
25/11/2014,335.04,-0.18
26/11/2014,333.57,-0.44
28/11/2014,338.64,1.52
01/12/2014,326,-3.73
02/12/2014,326.31,0.1
03/12/2014,316.5,-3.01
04/12/2014,316.93,0.14
05/12/2014,312.63,-1.36
08/12/2014,306.64,-1.92
09/12/2014,312.5,1.91
10/12/2014,305.84,-2.13
11/12/2014,307.36,0.5
12/12/2014,307.32,-0.01
15/12/2014,306.07,-0.41
16/12/2014,295.06,-3.6
17/12/2014,298.88,1.29
18/12/2014,297.73,-0.38
19/12/2014,299.9,0.73
22/12/2014,306.54,2.21
23/12/2014,306.29,-0.08
24/12/2014,303.03,-1.06
26/12/2014,309.09,2
29/12/2014,312.04,0.95
30/12/2014,310.47,-0.5
31/12/2014,310.35,-0.04